run_id,artifact_id,name,reason
36899266832,11182155330,connscale-readings-windows-2025-py3.14,"payload names run 12345, not this one"
36899266832,11181686738,connscale-readings-windows-2022-py3.14,"payload names run 12345, not this one"
36888268050,11176487090,connscale-readings-windows-2022-py3.14,"payload names run 12345, not this one"
36888268050,11176442064,connscale-readings-windows-2025-py3.14,"payload names run 12345, not this one"
36888268050,11176212185,connscale-readings-ubuntu-latest-py3.14,"payload names run 12345, not this one"
36886576587,11174764757,connscale-readings-windows-2025-py3.14,"payload names run 12345, not this one"
36886576587,11174699579,connscale-readings-windows-2022-py3.14,"payload names run 12345, not this one"
36885156513,11175132130,connscale-readings-windows-2022-py3.14,"payload names run 12345, not this one"
36885156513,11175017782,connscale-readings-ubuntu-latest-py3.14,"payload names run 12345, not this one"
36885156513,11173729707,connscale-readings-windows-2025-py3.14,"payload names run 12345, not this one"
36834111947,11149355424,connscale-readings-windows-2022-py3.14,"payload names run 12345, not this one"
36834111947,11149011884,connscale-readings-windows-2025-py3.14,"payload names run 12345, not this one"
36832387947,11148009888,connscale-readings-windows-2025-py3.14,"payload names run 12345, not this one"
36816724625,11142665985,connscale-readings-windows-2025-py3.14,"payload names run 12345, not this one"
36816059581,11141706372,connscale-readings-ubuntu-latest-py3.14,"payload names run 12345, not this one"
36815269162,11141715477,connscale-readings-ubuntu-latest-py3.14,"payload names run 12345, not this one"
36815269162,11141536755,connscale-readings-windows-2025-py3.14,"payload names run 12345, not this one"
36792124946,11132512260,connscale-readings-windows-2022-py3.14,"payload names run 12345, not this one"
36792124946,11132412610,connscale-readings-windows-2025-py3.14,"payload names run 12345, not this one"
36788918025,11131916344,connscale-readings-ubuntu-latest-py3.14,"payload names run 12345, not this one"
36788918025,11131161961,connscale-readings-windows-2022-py3.14,"payload names run 12345, not this one"
36788918025,11131057130,connscale-readings-windows-2025-py3.14,"payload names run 12345, not this one"
36787986352,11131010562,connscale-readings-windows-2022-py3.14,"payload names run 12345, not this one"
36787986352,11130868881,connscale-readings-windows-2025-py3.14,"payload names run 12345, not this one"
36787986352,11130174926,connscale-readings-ubuntu-latest-py3.14,"payload names run 12345, not this one"
36787621386,11131690648,connscale-readings-windows-2025-py3.14,"payload names run 12345, not this one"
36787621386,11131125543,connscale-readings-ubuntu-latest-py3.14,"payload names run 12345, not this one"
36787621386,11131011239,connscale-readings-windows-2022-py3.14,"payload names run 12345, not this one"
36733146699,11106487490,connscale-readings-windows-2025-py3.14,"payload names run 12345, not this one"
36733146699,11105953326,connscale-readings-windows-2022-py3.14,"payload names run 12345, not this one"
